{"stat.damageDealt":140,"stat.crouchOneCm":6,"stat.useItem.minecraft.fence":36,"achievement.exploreAllBiomes":{"value":0,"progress":["Plains"]},"achievement.openInventory":18,"stat.useItem.minecraft.planks":60,"stat.talkedToVillager":2,"stat.flyOneCm":80,"stat.drop":1,"stat.timeSinceDeath":11444,"stat.playOneMinute":11444,"stat.leaveGame":2,"stat.walkOneCm":33916,"stat.jump":21,"stat.useItem.minecraft.wooden_slab":10,"stat.sprintOneCm":229,"stat.useItem.minecraft.spawn_egg":15,"stat.mineBlock.minecraft.tallgrass":1}