{"stat.useItem.minecraft.anvil":1,"stat.crouchOneCm":150,"stat.useItem.minecraft.wooden_door":2,"stat.useItem.minecraft.stone_brick_stairs":145,"achievement.openInventory":25,"stat.damageDealt":1312,"stat.useItem.minecraft.obsidian":27,"stat.useItem.minecraft.stone_button":2,"achievement.exploreAllBiomes":{"value":0,"progress":["Plains"]},"stat.useItem.minecraft.planks":173,"stat.useItem.minecraft.stained_hardened_clay":3,"stat.flyOneCm":21881,"stat.useItem.minecraft.monster_egg":445,"stat.useItem.minecraft.diamond_sword":9,"stat.useItem.minecraft.stone":118,"stat.useItem.minecraft.redstone_lamp":76,"stat.useItem.minecraft.redstone":129,"stat.timeSinceDeath":45150,"stat.useItem.minecraft.repeater":66,"stat.useItem.minecraft.stone_pressure_plate":2,"stat.leaveGame":3,"stat.useItem.minecraft.lever":2,"stat.useItem.minecraft.lapis_block":4,"stat.killEntity.PigZombie":3,"stat.playOneMinute":45150,"stat.useItem.minecraft.stone_slab":29,"stat.walkOneCm":123818,"stat.jump":39,"stat.mobKills":4,"stat.killEntity.Guardian":1,"stat.useItem.minecraft.dirt":38}